date,Combined Equal Weight,Combined Minimum Variance,Combined Risk Parity,Combined Minimum Variance + Sentiment
2021-01-04,-0.0038907547941801433,0.0038087255277182595,-0.0054914058980231875,0.0039012451098320755
2021-01-05,0.01812037653999201,0.0009152125977667988,0.012950567574052002,0.0008726345511951849
2021-01-06,0.04018247716107982,0.00678481654905369,0.029025480216038596,0.0068001888781319434
2021-01-07,0.010143704534638177,0.006839520673208822,0.009462236938958361,0.006776483874731582
2021-01-08,0.0012208607118853992,-0.0021637810503421073,0.0017898833984539098,-0.002138985349706634
2021-01-11,-0.021524225782496298,0.0003262136586428797,-0.016061856159362137,0.00037380939888713904
2021-01-12,-0.0006109898860971241,9.612736267213146e-05,-0.002651403184436552,0.00016643609803860312
2021-01-13,0.013803567861465391,-0.0023443178574933192,0.010015247402254807,-0.002386195349061274
2021-01-14,0.005860779073975735,0.004029476661123703,0.0041535772336349815,0.003976690410411551
2021-01-15,-0.015495323336940932,-0.0038270450512948406,-0.011062152323599786,-0.003901101331300581
2021-01-19,0.007634480717274227,0.01089638561497899,0.007223460016383687,0.010807069636280534
2021-01-20,0.0056619019219909476,0.014323209039601362,0.007974284781488818,0.01428520600667962
2021-01-21,-0.027791277934350503,-0.00964181555605466,-0.020840170491685288,-0.009606612551991606
2021-01-22,0.007759507727108142,-0.0007998176411557716,0.004919748764311538,-0.0007352782899150453
2021-01-25,-0.002077719675077333,0.003968529022793458,0.000335768312980564,0.003938632179062759
2021-01-26,-0.0046170905108714804,-0.0027402802993064875,-0.003549556004055039,-0.002686091179211004
2021-01-27,-0.0339019707964312,-0.02208505336049105,-0.03091090700001337,-0.022139229161574514
2021-01-28,0.024511344724528223,0.000984199208741844,0.019248715749586035,0.0009872570956954976
2021-01-29,-0.007617075142822887,-0.009263120945236238,-0.007521927737865098,-0.009363347106551416
2021-02-01,0.010204431715737155,0.0007715641882216489,0.008720695909169024,0.0006842715386446473
2021-02-02,0.021403561784053563,0.006269942255479965,0.01834597168190472,0.006306617342887694
2021-02-03,0.009427809957152512,-0.0034565227932125183,0.0039436329389576025,-0.0034856709304629226
2021-02-04,0.00467701792921205,0.0019297339885960428,0.004495210470120672,0.0019599787981764353
2021-02-05,0.019298369448650786,0.01532866364689453,0.016380376130981415,0.015318750611360937
2021-02-08,0.024349974909302255,0.002959108924125861,0.01846444474766356,0.0029694421015193095
2021-02-09,0.008633479616969737,-0.001349316205329614,0.005369387857199749,-0.0013162627849398908
2021-02-10,0.008348949512855607,-0.0066320465776887275,0.004363076317172484,-0.00665727141203238
2021-02-11,0.012119537999230372,-0.0048096452317197246,0.008185639698390186,-0.004747452153756395
2021-02-12,0.012771234706878465,0.004254262850475338,0.00931455412683696,0.0042472955539623325
2021-02-16,8.878331594456483e-05,-0.010108962195452636,-0.002806492694460805,-0.010026842753946174
2021-02-17,0.009077872795864991,0.006366856567438009,0.007269543884151666,0.006392796488102608
2021-02-18,-0.004446512107421025,-0.009328347165142383,-0.0035103606349149194,-0.009560787688716401
2021-02-19,0.009084852155601876,-0.007779240246135949,0.0041648500820942996,-0.007721818616534757
2021-02-22,-0.008683328312674076,0.0014501446386292432,-0.0070547028088064736,0.0013725337722274005
2021-02-23,-0.026107713165073595,-0.007054993001943756,-0.018834112407042525,-0.007099411277850475
2021-02-24,0.018758703010906284,-0.0008559064312059689,0.012925533039534875,-0.0009536594876576914
2021-02-25,-0.024130059591711443,-0.009206088609690057,-0.020422970931194953,-0.009215208884080794
2021-02-26,-0.010366431104046567,-0.017814750255570957,-0.011925276087142113,-0.017776974975183733
2021-03-01,0.02764810950301761,0.009182114010975222,0.023643853271005877,0.009217652495744738
2021-03-02,-0.004995095667853318,0.005427139877063244,-0.0031215540580252095,0.005323210986531341
2021-03-03,-0.00033320893871828495,-0.012217201490705118,-0.004407655822263371,-0.012277354826234398
2021-03-04,-0.009153766461762114,-0.004015343270521337,-0.008680188676689692,-0.004027850280294716
2021-03-05,0.013226334721981767,0.014972411553500806,0.014241121034901263,0.014959022173657474
2021-03-08,0.004461557087061138,-0.0035749187742751985,0.0023300947924636576,-0.0036326030356776105
2021-03-09,0.013254338704809354,0.005997654349783169,0.01213493733553754,0.006068956856927746
2021-03-10,0.0034800257662523323,0.008515730587009454,0.004364467219754286,0.008433566274965188
2021-03-11,0.004812708500153612,-0.0008452617499111244,0.004503263098690499,-0.0007951646170155294
2021-03-12,0.0025552918773152963,0.00442817942447251,0.003448617106604959,0.004413423106647257
2021-03-15,-0.0011713058424097107,0.015125791010340386,0.003109505084766146,0.015151768901112988
2021-03-16,0.007015489487125941,0.006043668147879579,0.006702303013035505,0.006064141567679009
2021-03-17,0.006925596336963342,-0.006362586409498809,0.003194666428035298,-0.006345359911117623
2021-03-18,-0.015048507897716818,-0.007398387877414522,-0.012541215779958816,-0.007385518606794071
2021-03-19,-0.0007063611481626253,-0.00043358147913975705,-0.001321438778999186,-0.0005211108460294891
2021-03-22,-0.00010487066879602016,0.008433508270967673,0.0031043259500294993,0.008443279807636732
2021-03-23,-0.0055651151834878254,-0.0012356793582333097,-0.004203119327516705,-0.0011959443553418527
2021-03-24,-0.0138839019710905,-0.005506218488962022,-0.011271200563729657,-0.0055293611841092305
2021-03-25,0.005753612949812863,0.001349340216200596,0.005032231864543816,0.0013301839131943465
2021-03-26,0.03094468102817682,0.017266271707499368,0.026992083197406362,0.017299940650355557
2021-03-29,0.007208518760961615,0.011502657543137184,0.007309740046153889,0.01150816381345367
2021-03-30,-0.0005418116981099058,-0.010425054103912102,-0.0031584861853360333,-0.010429682690656108
2021-03-31,0.010304119991946517,9.45978728532515e-05,0.0075554096965742765,0.00010608030350549427
2021-04-01,0.014672578757863902,0.011881043870797987,0.013257331199416935,0.011955760956602333
2021-04-05,0.02308196696215759,0.008537286853510176,0.018491308001512052,0.008557482329364144
2021-04-06,0.005966440099026121,-0.0009850871424750812,0.0029435411702447237,-0.0009514458252844064
2021-04-07,-0.013625912450554598,-0.0021373654907057204,-0.007518980606812173,-0.0021274668497059924
2021-04-08,0.01003551130739944,0.000490410433962877,0.004786435771665134,0.00045825255365380464
2021-04-09,-0.002264637608147722,0.002959162597598773,0.00015714477699906674,0.0029153224948490412
2021-04-12,-0.00014566428523634083,0.0015404941607621613,0.0003265554699275655,0.0015069414945677255
2021-04-13,0.019726945162833895,0.003208024802902233,0.012076945114149574,0.003109271126714996
2021-04-14,0.007179858177289768,-0.0024681906480941594,0.002567156700509559,-0.002443495232506237
2021-04-15,0.01802641009725521,0.008915276571687065,0.016020408336102094,0.008872859777199349
2021-04-16,0.010810640530123865,0.0022588995728219,0.007609327595779579,0.002179120445683115
2021-04-19,-0.013429808386374389,-0.0026210095258181135,-0.008698301869009769,-0.002682737888278453
2021-04-20,-0.0017194123355581945,0.005937477279289385,-0.0008161513140951303,0.00588190426880119
2021-04-21,0.002052752340624843,0.004087985026492035,0.003823925248717808,0.004067555409350033
2021-04-22,-0.016198577187720466,-0.00175331896712641,-0.011274594730633983,-0.0016169236235135285
2021-04-23,0.004644271415590353,0.0024684517879455616,0.004800559449399405,0.002471539968123558
2021-04-26,0.02600393724160752,-0.0041917286351607855,0.012118334621672382,-0.004182261537988766
2021-04-27,0.00799500500657784,-0.004681148303542831,0.0035064306233924523,-0.0047041893353501245
2021-04-28,0.0006928192729146163,-0.00037961749246035505,-0.0012691836970864056,-0.0003254561114171102
2021-04-29,0.005640496360681079,0.006365813159590229,0.00626888256361307,0.00640948209085461
2021-04-30,0.007084977550949065,-0.00041587033028570616,0.002642076422225588,-0.0005337261080612147
2021-05-03,0.015444054543423324,0.008286648875160911,0.010853314166551475,0.008178838361260748
2021-05-04,-0.0056484990072109935,-0.006405131047267583,-0.005338509270759197,-0.006459403256465917
2021-05-05,0.043723330868181844,0.004329484674174294,0.020035435627274778,0.0042960673860406445
2021-05-06,0.02255009727366062,0.007329735223157019,0.01427070902192596,0.007376059925216975
2021-05-07,0.001800001640671161,0.0012727654271834365,0.0043245376693942725,0.001259736055993907
2021-05-10,-0.014161891036241443,0.0047514264682498655,-0.006885524532170979,0.004755549927246477
2021-05-11,0.012826295389902988,-0.007140932657199886,0.0018600904497528162,-0.0071243384994478945
2021-05-12,-0.04312851663134938,-0.015718144614300402,-0.028270147979283688,-0.015734645070338633
2021-05-13,0.017429437963871485,0.012836001448089508,0.013602945013162764,0.012786549646305543
2021-05-14,0.02061759877097841,0.002923584816054741,0.013770712593984779,0.0029397077023042154
2021-05-17,-0.008442744291785166,-0.002325478607044967,-0.003987985515515777,-0.0024179395952382554
2021-05-18,-0.004358603510738557,-0.0041060695682402695,-0.004631169446185902,-0.004203814198025204
2021-05-19,-0.0550249685378031,-0.003947001443732355,-0.025280388362868847,-0.00390607285933945
2021-05-20,0.03166343560687108,0.012119539802976842,0.02004613834439037,0.012179767281332764
2021-05-21,-0.021497824737603276,-0.0031863570874650794,-0.009603974109016152,-0.003137559946321616
2021-05-24,0.04728733131457068,0.0007328614761027504,0.022842102050106155,0.0007250965235725739
2021-05-25,-0.004097105160568185,-0.005761146127620488,-0.0041976501666202695,-0.005754678073585881
2021-05-26,0.014872081029443237,0.001775537868324354,0.007411823737394401,0.001779933502841318
2021-05-27,-0.003959701442402556,-0.005021933116005153,-0.002772747327471902,-0.00499965476650275
2021-05-28,-0.011492925379301381,0.0002753906127742532,-0.0033967389758802324,0.00024316722801463858
2021-06-01,0.0019320991050394603,-0.0049284083931511085,-0.0009487987381892316,-0.004942982127856283
2021-06-02,0.005887695082374604,0.0010516588267551398,0.004046179467225453,0.0010184459282097428
2021-06-03,0.006975701709594524,0.005038893630746033,0.004494260676716514,0.005010129650896175
2021-06-04,-0.006163965303206676,0.0063113136749054595,0.002417879075635966,0.006279325856782449
2021-06-07,-0.01536834264353443,-0.0038357525691314932,-0.005916917703491836,-0.0038638717795425517
2021-06-08,-0.0023711545670709712,-0.004712420655700682,-0.0037589597607781207,-0.004692548318162112
2021-06-09,0.007302707257698661,0.004701359508821817,0.003177165668388197,0.004694679447511618
2021-06-10,-0.004799715458690157,0.00779828338519835,0.0026491890273922752,0.007825523858097701
2021-06-11,-0.005929566468440185,0.0016415635908330482,-0.002201529315774161,0.0016301485340834095
2021-06-14,0.0007492351693836734,0.000492590575181478,0.0005578831107996347,0.00045964460143826686
2021-06-15,0.0008401618357091944,-0.004687574378415661,-0.002172517504470813,-0.004648437071578975
2021-06-16,-0.01824447264472357,-0.011664065232745956,-0.012693043016818426,-0.01162883410492857
2021-06-17,-0.005570700136612287,-0.0004620485498031179,-0.0036880362121593773,-0.00043735484735315855
2021-06-18,-0.022182970428932604,-0.010909005358933988,-0.0165560739470926,-0.010930562153228131
2021-06-21,-0.017547477815348368,0.009848365986746179,0.0033218804164182446,0.00985167484558512
2021-06-22,-0.004652135019746883,-0.0010584283647384236,-0.0013489576135344954,-0.001037237066619799
2021-06-23,0.011425151616436114,-0.00715699969850815,-8.76969867213979e-05,-0.007137937079245693
2021-06-24,0.016931027913349397,0.005816210266590341,0.00951333608008199,0.005833025249975846
2021-06-25,-0.006932437710560366,0.011109650049210693,0.0032550411390553907,0.01119590025479032
2021-06-28,0.0017426400271460078,0.002616982694561744,0.0019791710028607156,0.0025488078913040967
2021-06-29,0.012414481983307891,-0.002743660870382752,0.0029752478994541968,-0.0027084739478102113
2021-06-30,0.005368765226058107,0.007405524233688791,0.003962117627124749,0.007488408560290576
2021-07-01,-0.0033192767515804033,0.002395346132802045,0.0020650359386562727,0.002357102048878118
2021-07-02,0.004263327713458621,0.004304590252442808,0.004605039147178581,0.004331767320387561
2021-07-06,-0.00421257506984708,-0.00190882403846209,-0.003918148469897105,-0.0018442156686973206
2021-07-07,-0.00218127926624669,0.002456094691081383,0.0008942043104119945,0.0024764049656669806
2021-07-08,-0.014100931368607753,-0.005478372787476581,-0.008465779518022824,-0.005460857615063471
2021-07-09,0.015525252970304116,0.006992395832590895,0.010919311779893909,0.0069471937786174595
2021-07-12,6.666012125682301e-06,0.002319941810975235,0.0026392116605290636,0.0023019636674015435
2021-07-13,-0.0094268098003001,-0.0024793518496598276,-0.005175368594248485,-0.002472010321141698
2021-07-14,-0.0002584936544460274,0.004214199896695443,0.0014871940678554932,0.004198557357357016
2021-07-15,-0.006653536534465426,0.0011280184488091161,-0.001231884458747434,0.0011448344922655087
2021-07-16,-0.011967131418521878,-0.001281307290591048,-0.006257905074295989,-0.0012361545820199446
2021-07-19,-0.02245957039543937,-0.013953307324271627,-0.01645694967390041,-0.013927968984946706
2021-07-20,0.002858625921950112,0.0053600516691981424,0.0066889686260863295,0.005291031022681949
2021-07-21,0.02260174203032801,-0.0013801856154185077,0.009210796979328922,-0.0013783681562162353
2021-07-22,0.004775657305063474,0.0003176857425349988,0.000676027691635771,0.0003153726669990339
2021-07-23,0.009348842887017763,0.010350468770471494,0.008239680711545634,0.010364943493535174
2021-07-26,0.008748477236540455,0.0009916889677086674,0.004466700520206781,0.0009191578226325929
2021-07-27,0.002717867987850971,0.0008742491954466165,0.0010533401440501896,0.000958436317623068
2021-07-28,0.0063538048428441254,-0.0010629663578074866,0.0019115486132929437,-0.0009854331337946268
2021-07-29,0.00834840788571076,-0.0006772005697970821,0.004872741063458934,-0.0007917928625733382
2021-07-30,0.000282317372180448,-0.002703565850321778,-0.0026439879360832725,-0.0027557148892381183
2021-08-02,-0.00041449549998877474,-0.001123306430253599,-0.001130399786806124,-0.0011945183196903236
2021-08-03,0.0028984554738739165,0.0001528829088842011,0.0038121011232997723,0.00027187863938087445
2021-08-04,-0.0006855822474707594,-0.007755282220847933,-0.005090898081362449,-0.0077602542991252205
2021-08-05,0.006763876655074988,0.004328034846729845,0.005261596892576388,0.0043075601295801185
2021-08-06,0.006557461830400178,-0.0008132679062093318,0.0024283797629803313,-0.0008142199872771368
2021-08-09,0.006843418909327439,0.0012010976168798878,0.0010584952100678663,0.0011972833536433632
2021-08-10,0.008391531950525903,0.005570676367672102,0.004766411621278375,0.005564816295678274
2021-08-11,0.01764108417771881,0.005301082650527552,0.009751947624965793,0.005282911255516408
2021-08-12,-0.0021356552001352397,0.0029584390725782223,0.0013571899234252264,0.0029734658214353176
2021-08-13,0.017674559383084737,0.0036406685843024798,0.007231619440166882,0.003652216972707437
2021-08-16,-0.008433254654068599,0.006484275805034901,-0.00017126381478848655,0.006486820731901743
2021-08-17,-0.015290825753124758,0.002389939821230505,-0.005181244554787121,0.002423121553763263
2021-08-18,-0.00850641283921417,-0.011021388719579323,-0.010883784556096288,-0.011029047638636177
2021-08-19,0.00647030888363628,0.0008998578374551986,0.0015101831036880848,0.0009001333530050406
2021-08-20,0.01088140538275444,0.004013675664513744,0.006987908743526322,0.00400749218898967
2021-08-23,0.012042506748717794,-0.00039820578796563534,0.006251133098618845,-0.00038465360215076
2021-08-24,-0.009472567050769242,-0.004647824659497868,-0.00388722385456886,-0.0046467651571192245
2021-08-25,0.0038713081381516095,-0.00309638427801365,0.0001601692517313484,-0.0031115743692116966
2021-08-26,-0.016122481497608674,-0.006369031205351198,-0.008366132511962355,-0.006385879428369424
2021-08-27,0.02151123226674195,0.002240997236909984,0.010872561793046149,0.0022381801184458107
2021-08-30,-0.0064252483617915235,0.0033144635723939913,-0.00037085847787780987,0.0033137411578288522
2021-08-31,0.0053614578888204565,0.0037333628426971313,0.0023634199655113374,0.0037499180255135315
2021-09-01,0.007531067699489172,-0.0007363313361085416,0.00275653487890776,-0.0007752321450348938
2021-09-02,0.007735529282360285,0.006551062779962227,0.006211792081543236,0.00652672798755329
2021-09-03,0.004866835916925935,-0.0011446845665976488,-0.0004595529293824423,-0.0011246273917448544
2021-09-07,-0.03628095981293474,-0.015434446528344305,-0.01851328431527215,-0.015416312085855421
2021-09-08,-0.001571656024866978,0.004897470208434387,0.0013776524501951245,0.004877948224135665
2021-09-09,-0.004756211936891698,-0.011122727266313994,-0.00756777977146626,-0.011081503981034723
2021-09-10,-0.010110524390361876,-0.007314956710032564,-0.006327029162787234,-0.007294437450642656
2021-09-13,-0.0025804163067568203,-0.0007687956001834015,0.0005554917298946113,-0.0008292584422700528
2021-09-14,-0.001432419515868727,-0.004652718732869626,-0.005491660126600097,-0.004648816840919274
2021-09-15,0.012875051537632548,0.003367097840965182,0.006989009778378686,0.0033520458449024875
2021-09-16,-0.007803687345412948,-0.004624887359155787,-0.005573142446709265,-0.004609219563929011
2021-09-17,-0.014286215712741223,-0.00832608736621378,-0.011862896402815492,-0.008319046585278796
2021-09-20,-0.033293315455132685,-0.009847946812532937,-0.018418416524798056,-0.00985717021166216
2021-09-21,-0.010663478479630038,-0.004184085009408145,-0.004748836741937766,-0.004132953139830165
2021-09-22,0.025647581307518118,0.0012723144937542112,0.010139500417108347,0.0012730735508200794
2021-09-23,0.012260223908901528,0.0032797794903985564,0.008012851218525269,0.0032651947184713405
2021-09-24,-0.01236751155065751,-0.0033635345922804058,-0.005992778681381828,-0.0034078207578217973
2021-09-27,-0.0024383260660474264,-0.003168705375023513,-0.0026235522457181623,-0.003223764475436622
2021-09-28,-0.014791132484124852,-0.005580367700192718,-0.011154013084832931,-0.005616027227939877
2021-09-29,0.007466687344714653,0.008980711168852705,0.006699585825381719,0.00894760129884046
2021-09-30,-0.0017850033793431024,-0.008776632029965778,-0.007219460146234573,-0.00877549155873427
2021-10-01,0.02459148163223039,0.012318944751851059,0.014031250877925037,0.01223851279436763
2021-10-04,-0.004760865119006854,0.0007689312697719634,-0.0023333585672307747,0.0007320510324703313
2021-10-05,0.011263409404533126,0.0018404267238837939,0.005432852881268694,0.001896939369561256
2021-10-06,0.005299640659841369,0.0025680238385154997,0.004016971807594383,0.0024657737818295777
2021-10-07,0.005638156018019526,0.008413285669411328,0.006441323712981968,0.008479222600923705
2021-10-08,-0.002315084894826273,-0.004203062385148589,-0.0028271152141799713,-0.004147630178660494
2021-10-11,-0.004783810819609634,-0.008169692326441453,-0.007495208331615137,-0.008216957864740334
2021-10-12,-0.004723113417267515,-0.001173222186802954,-0.0005650291080052271,-0.0012734338910053795
2021-10-13,0.008046235807029624,0.001542582548445088,0.004961595836491594,0.001456094420553419
2021-10-14,0.012013720336223615,0.009658134898634587,0.01230206662640898,0.009618721909654175
2021-10-15,0.007506264442978231,-0.001081613955077592,0.003464107779753725,-0.0010097728876760966
2021-10-18,-0.000656428132292658,-0.0019926300026554436,-0.0013833288140639329,-0.0020229300711639064
2021-10-19,0.010334411223166477,0.013134085866878665,0.010965754746084605,0.013136449832620741
2021-10-20,0.015919467021704357,0.009880573751120642,0.011522524873028381,0.009886777096962816
2021-10-21,-0.005106919703657926,0.005365543763031128,0.001579238086175105,0.005337786019880217
2021-10-22,-0.0005606793506842705,0.0030945952903129233,0.0011842517939366964,0.003067162639688181
2021-10-25,0.008201312790865516,0.00402859410353865,0.0050703788779560945,0.004056169256711716
2021-10-26,0.002038046120345046,-0.00014222334904383704,0.003951682567538835,-0.0001864140108174696
2021-10-27,-0.02865986108789272,-0.01031032424932305,-0.016275278259244165,-0.010320819893647375
2021-10-28,0.01626962442421136,0.015430826702709637,0.01055780425390257,0.0154131265034466
2021-10-29,0.0023780289284411494,-0.0024087093426942226,-0.0016911597286316143,-0.0024107537145660702
2021-11-01,0.005496539455518842,0.005296839591919407,0.005107394136803701,0.005277013254850217
2021-11-02,0.009294275797061685,0.004090387658021126,0.005942005919408659,0.004091355258330163
2021-11-03,0.0069617793275647405,0.0003564062969786061,0.004896063315316261,0.00041725299058910977
2021-11-04,-0.0004541795884501455,0.000984695430838292,0.0024846496909887122,0.0010317097599250556
2021-11-05,0.0018977906685878746,-0.011995852103814084,-0.00025227368462582035,-0.012144356981277993
2021-11-08,0.013160514517736166,0.001482864222595457,0.003749388421386866,0.0015958722171875847
2021-11-09,0.009076821272139915,0.000899366774247997,0.0024029139252626213,0.0008758424419012302
2021-11-10,-0.01462627043785594,0.0008544475114472296,-0.005144420758015727,0.0008634693162814578
2021-11-11,0.00281826395185717,0.002460624406429604,0.0009205846843253877,0.0024556661226105086
2021-11-12,-0.0017091093745052687,0.002401486117033419,0.0014270660696548405,0.0023971366805996927
2021-11-15,-0.003199794273326792,-0.0028836162435854507,-0.002119603113240302,-0.0028759465540176016
2021-11-16,-0.014269076752689003,-0.0049933038174811315,-0.004279562914370059,-0.0049109185861357235
2021-11-17,-0.004503910391576121,-0.0030628399427948217,-0.004063022405836837,-0.003157497029321639
2021-11-18,-0.012178625840402205,-0.002020359803066036,-0.0044763841795204306,-0.001976481587807902
2021-11-19,0.00160831300381624,-0.007880639985807231,-0.0039192365770040856,-0.007867405187311298
2021-11-22,-0.004325466852728882,0.0035606961589076756,-0.001364275494186763,0.0036166616324755634
2021-11-23,0.010080833081749245,0.006316094827101599,0.006966697888429166,0.006319604328238844
2021-11-24,-0.002837992481822483,-0.0012201543596144179,0.00038869604434804564,-0.0012270867127379208
2021-11-26,-0.029338476707881714,-0.014284651797539807,-0.020150075181657335,-0.014283070803596146
2021-11-29,0.00891665089183124,-0.0006447596980265896,0.0071509793234003196,-0.0006988529914013987
2021-11-30,-0.01844936691249471,-0.022097399321584804,-0.021345813466374756,-0.022049552480262514
2021-12-01,-0.011750985011291203,-0.012751761885031018,-0.011538508593974359,-0.012727339774650917
2021-12-02,0.018424546320772103,0.013876971781504214,0.01896646153207994,0.014010962483565773
2021-12-03,-0.009896650052684617,0.008842565158593262,-0.0003159008582450419,0.008903261428200662
2021-12-06,0.017967098671794,0.010799772229940698,0.014128738660845309,0.01073872416054623
2021-12-07,0.011524713550818194,0.0031524955058198755,0.011178792832803493,0.0031544672572307642
2021-12-08,0.005738811185586787,0.0009069821337546527,0.001385117672335758,0.0009451968556869438
2021-12-09,-0.017306547344091597,-0.0032078601225550016,-0.007970771764066657,-0.0032978341323818793
2021-12-10,-0.0017509506946767161,0.007220052396127058,0.0044252765631528895,0.0071745705235528815
2021-12-13,-0.01847500062645432,0.005569803871651717,-0.003969112645889083,0.0055173491515000915
2021-12-14,0.0003731772543874324,-0.0004578218657105049,-0.001943148026214345,-0.0004756271410008003
2021-12-15,0.015336483030759787,0.012500385346434653,0.011688633034673945,0.012466809881302967
2021-12-16,-0.0014557751549373597,0.011292715702868186,0.004909762204070203,0.011443613277116236
2021-12-17,-0.014493090540587956,-0.011450711420929103,-0.012021163580040406,-0.011404338609093227
2021-12-20,-0.006322349334487445,0.0013273577513659006,-0.0046427010799659565,0.0014520871745136977
2021-12-21,0.017718322151441313,0.0032040734437561993,0.010959362192290488,0.003258069359844412
2021-12-22,0.005884459350951654,0.006198019269519412,0.0058564583019478055,0.0061597951759841145
2021-12-23,0.012980871774251751,0.002024754345542571,0.005762873329666656,0.0020246401805718564
2021-12-27,0.011695336888605844,0.010742476338891383,0.011689608864455551,0.010699125471819967
2021-12-28,-0.009558348712256838,0.00423227491752795,0.00019306389440410014,0.004229885593645745
2021-12-29,-0.0044617030302570235,0.0014069297389102382,0.0003450538896950334,0.0013775038820092948
2021-12-30,0.0015601369410051646,0.0006733067083693474,6.108838588490038e-05,0.0007109366397760482
2021-12-31,-0.0034643943065615587,-0.00156579187113534,-0.0016118819919345834,-0.0016273619840953362
2022-01-03,0.003123160162046706,0.0028313230560781215,0.0027108007218873383,0.0028646406298588156
2022-01-04,0.004945424476565644,-5.1375128660896046e-05,0.003897489308041481,-9.833526587117389e-05
2022-01-05,-0.01852054166494925,-0.001224533230278419,-0.010733478485863255,-0.001261179345397724
2022-01-06,0.0003515469813984939,-0.003983472925078611,-0.0011653442290668243,-0.00395849152206796
2022-01-07,-0.005573185878732739,0.004891076132177317,0.0002344717810960742,0.00486011917935008
2022-01-10,-0.010468008645634541,-0.0008732044064733094,-0.0069370375169805565,-0.0008189811381917681
2022-01-11,0.014117589837793524,0.003281284131405682,0.007673645936949265,0.003307819124117215
2022-01-12,0.011324891190994071,0.0006504383519044837,0.004814950989047456,0.0006105832754873896
2022-01-13,-0.0099115730136035,-0.0017154434267164101,-0.005378758966768956,-0.0017725642662783665
2022-01-14,0.0058304964101681045,-0.0022128850131514026,0.0004410578464114374,-0.0021739397365767572
2022-01-18,-0.01153302363533435,-0.00942832586855173,-0.00959023754122714,-0.009478534644016686
2022-01-19,-0.01048909057914248,-0.0009351161072392653,-0.004874213221389646,-0.0009908133645476131
2022-01-20,-0.01697219514854893,-0.011020001668441786,-0.011759722775162766,-0.011046273441102154
2022-01-21,-0.03006122398201547,-0.004681457778527008,-0.013291658277162487,-0.004690528312945986
2022-01-24,-0.0028541466834677977,-0.005231102162182668,-0.0003326695971439469,-0.005230794082667644
2022-01-25,-0.0027430716109983575,-0.004967658564597589,-0.004499793424371647,-0.004968570719599485
2022-01-26,-0.00653053484847606,-0.0160045654481958,-0.010340433670620191,-0.015945587314942607
2022-01-27,-0.004293893754328952,0.000391650054874908,-0.002857716459911732,0.0003528601313169059
2022-01-28,0.018309617859772677,0.01582652324161995,0.018044134110987445,0.015853031782238035
2022-01-31,0.014107319571362993,0.011037138229639058,0.01268537859962941,0.01108757414059009
2022-02-01,0.012964162723813257,-0.0035559208554194217,0.006725803299776383,-0.0034935270186894985
2022-02-02,0.0017817301239004364,0.011003415531001834,0.00821756594796261,0.011052827200572563
2022-02-03,-0.005356465536997547,-0.006531695893615176,-0.0074422881944472925,-0.006475020961242441
2022-02-04,0.013733646897065199,-0.003920652594215958,0.0007308983718804828,-0.003943624834139575
2022-02-07,0.013688791888446355,-0.00042396197588039184,0.0037163999893338245,-0.00043839385397240573
2022-02-08,0.0029371659880817235,-0.0005995369583068185,0.002992755802187105,-0.0005758163169270487
2022-02-09,0.01379972986572728,0.006093828641295612,0.010466253729861142,0.006075793184452196
2022-02-10,-0.018483629148971874,-0.01585624320284609,-0.01827698972253995,-0.01602847678635187
2022-02-11,-0.01848541179562173,-0.004885665308516864,-0.010101675862880953,-0.004793353410921698
2022-02-14,-0.006096454332451147,-0.006697450941307014,-0.00607037435408052,-0.006735323864624858
2022-02-15,0.017944771341906907,0.00390870958153149,0.009180752047004935,0.0038136980577690325
2022-02-16,-0.0029439425950380186,-0.0019018583774009982,-0.0013912255676671143,-0.0018927881581330213
2022-02-17,-0.02566904439235683,-0.007774447026390617,-0.014681978946243129,-0.007798109392565871
2022-02-18,-0.008308974284683506,-0.0048760106535657936,-0.007156182959780479,-0.004844467362392281
2022-02-22,0.0010145262277304183,-0.004443949614670076,-0.003513451396122973,-0.004362146120350255
2022-02-23,-0.013019673685019379,-0.004980739043668262,-0.010499802187525761,-0.0050240431487292665
2022-02-24,0.0058448865928260275,-0.0005639363809697535,0.004807211155101074,-0.0005177551987484419
2022-02-25,0.02829906828882832,0.026160199963669056,0.02627057270133602,0.02624093165812056
2022-02-28,0.014981012301147347,-0.005158255139185657,-0.0001662660060551261,-0.005084304833288363
2022-03-01,-0.010226922298809851,-0.005684537391902832,-0.009775678899764656,-0.005683218580641207
2022-03-02,0.013323609703012558,0.013743193287101985,0.015824181043177638,0.013723621616438432
2022-03-03,-0.003943445898772508,0.007690713149170491,0.001975272871667805,0.007805995691357887
2022-03-04,-0.010092048189367155,0.006498395144758262,0.0012305864927434208,0.00646400151431811
2022-03-07,-0.017769087077544505,-0.01010743985554065,-0.013365630056448549,-0.010213184286789105
2022-03-08,-0.0005181088985887498,-0.014596695962535421,-0.006895108007230954,-0.014578182005710937
2022-03-09,0.022753857325534463,0.0062928540417447896,0.013504244715149173,0.006335536277668045
2022-03-10,-0.008283750117282945,0.0011892955243541432,-0.0021070594124112355,0.0011792173171525035
2022-03-11,-0.005725738540850356,-0.00586832632132237,-0.007067144185201105,-0.005876936300637548
2022-03-14,-0.0036290624722818098,-0.004461229701013305,-0.006173741916894547,-0.004442117370806786
2022-03-15,0.008665417098065797,0.009625298350801191,0.008950984249601448,0.009626202427144119
2022-03-16,0.020116243438739842,0.006645411965710686,0.013652863294183767,0.00669074342987162
2022-03-17,0.01178501741210825,0.011088642084859162,0.012864569664379787,0.011120313181935744
2022-03-18,0.007895695606537613,0.0032231707183255614,0.004325900205540436,0.0032402536143697563
2022-03-21,0.007010971569600104,0.0018037231192309243,0.0033997344466033842,0.001769211144093766
2022-03-22,0.015103216163539672,0.004804968984844203,0.007350588725497673,0.004812689390386366
2022-03-23,-0.00604925007038697,-0.00963816102295178,-0.007964356762597765,-0.009661868605803713
2022-03-24,0.013068632416285801,0.006466711481835245,0.009529178465679565,0.00646828570780898
2022-03-25,0.005595401879406837,0.008195321688760195,0.008618577629314315,0.008170941529469952
2022-03-28,0.001447418861126198,0.00593858586440986,0.0030322355627211083,0.005954834390456283
2022-03-29,0.012684810195777213,0.012792210113760806,0.012438834552175782,0.012825062702451668
2022-03-30,-0.0019830263042147967,0.0007937672052850439,-0.001611028754349449,0.0007918770152043838
2022-03-31,-0.017306133656382394,-0.00924514863215564,-0.013080748914365066,-0.009293503208204008
2022-04-01,0.007345515668125,0.00836772908965372,0.008330910300653239,0.008367360843047105
2022-04-04,0.0008953739066797036,0.0030566024528004983,0.0008424688190883701,0.0030508615692408834
2022-04-05,-0.013658704065118658,-0.004508034519770541,-0.00776031544977038,-0.004484850734208667
2022-04-06,-0.01632867769671041,0.011077539189903823,0.0002657784732872481,0.011171210850202952
2022-04-07,0.007364622930832042,0.0039074023321639985,0.0032906289790565956,0.00400491918059492
2022-04-08,-0.004348636173546205,0.005947534591841173,0.0021464850909003646,0.006027303238771394
2022-04-11,-0.023264955744011672,-0.013916757209763096,-0.014304871954608202,-0.013942618969010027
2022-04-12,0.00400731298570497,0.0014471180172573414,0.0006051123586609708,0.0014052178416781075
2022-04-13,0.01378796658757682,0.005392543061582406,0.008378951967930499,0.00531582253860418
2022-04-14,-0.005741101907638494,0.0017490763726750428,-0.0017934534203890482,0.0017484985740517244
2022-04-18,0.00442831997548133,-0.005044315180895598,-0.0004942239248343005,-0.0050416897833980845
2022-04-19,0.014011769138049157,0.00852270333346522,0.01115643657183207,0.008430717028714283
2022-04-20,-0.0007653785091205781,0.0027931043047778447,0.0023598214244933214,0.0028502054419685054
2022-04-21,-0.013784294691622661,-0.009271010471846367,-0.011489950692184147,-0.009274330578460428
2022-04-22,-0.021214101715744373,-0.016365350883820424,-0.02045779754873092,-0.016416558124894384
2022-04-25,-0.0004408850273058716,-0.0004365704915832306,-0.0021739380849878317,-0.00042988759989483997
2022-04-26,-0.028544543537565952,-0.014956665676308026,-0.019874531209911006,-0.01484424034591406
2022-04-27,0.004447883171157318,-0.0019380958420783438,0.0012034918125280228,-0.0019156721418638373
2022-04-28,0.016149437880903166,0.0151055835582756,0.01556985185095436,0.015117331345325256
2022-04-29,-0.03535914037351929,-0.031570278403208744,-0.03391122980076762,-0.03159694896726757
2022-05-02,0.0030438634196666143,0.0017340377223714026,0.0007828439829383593,0.0017438460979837375
2022-05-03,0.003564029912301028,0.002920774618347575,0.004409410088926255,0.0029182401064168847
2022-05-04,0.04177919186906603,0.02427841513927285,0.0307860451610235,0.024281730676771297
2022-05-05,-0.03567404621053811,-0.01478266176525108,-0.024024584140446646,-0.014730386726583344
2022-05-06,-0.0014604223199472816,-0.006309121366873361,-0.002812302243302414,-0.006195092807974825
2022-05-09,-0.05231015937226135,-0.013224951151735347,-0.03374230345963977,-0.013242358496664108
2022-05-10,0.002289456630839913,-0.007965368141594431,-0.004493839596967063,-0.007984020646395985
2022-05-11,-0.026863850658016587,0.0062543213296119195,-0.006684682417275729,0.006223976576390256
2022-05-12,-0.006284836576940933,0.006641263639279195,0.0010215191873571602,0.006537816376340165
2022-05-13,0.029710343488453347,0.009368528337330775,0.01980465478111606,0.009380083629191464
2022-05-16,-0.008837458817569869,0.005602498937218616,-5.491163343834452e-05,0.005626573461161414
2022-05-17,0.023522176558263493,-0.005435266568513399,0.014838513586101236,-0.005580304130161625
2022-05-18,-0.036568352952385225,-0.02520767432804605,-0.02735136001720379,-0.025303482227293915
2022-05-19,0.006398791311356188,-0.0050826374881566445,0.0002692636148127941,-0.0051678874446798775
2022-05-20,-0.004721622706890229,0.0029756458651207522,0.001371686441934142,0.002937413661211374
2022-05-23,0.010608109265878468,0.01634561959810932,0.014733320068329852,0.016415156593870654
2022-05-24,0.005686548913250499,0.009739196805870837,0.0064178933014619145,0.009763240854387626
2022-05-25,0.005888223167806825,0.005938249871979599,0.006111174386415532,0.0059003525274686315
2022-05-26,0.004244669034147525,0.005955472331083862,0.007628640640625809,0.0060007734123912115
2022-05-27,0.011565068511086272,0.010763947531834043,0.014700847091059665,0.010805956056804056
2022-05-31,-0.004450962361167205,-0.008954708206108716,-0.007248137798569425,-0.00896854120883314
2022-06-01,-0.016220122078898128,-0.0049184855518022465,-0.008183784050264256,-0.00492352931909737
2022-06-02,0.01624013380735478,0.006693053478987036,0.012341742699643544,0.0067022900165042585
2022-06-03,-0.0112714032919955,-0.004945114200583771,-0.008292118174658176,-0.004996065394308005
2022-06-06,0.00447302144871069,-0.0038323550798799316,0.0007419865418354322,-0.0037718751648100836
2022-06-07,0.006515504781820783,0.006994734367061286,0.007970100202983625,0.006946950782022315
2022-06-08,-0.013009352302863503,-0.009791341517566606,-0.012549971312124139,-0.009818390482533145
2022-06-09,-0.020680984995779545,-0.02214411740666127,-0.021311196777122125,-0.022154603468286134
2022-06-10,-0.03016926038223652,-0.009980780623347939,-0.021794220783420463,-0.009943071398690152
2022-06-13,-0.05473765216540979,-0.03301105042762894,-0.04245785006740875,-0.03311809761857385
2022-06-14,-0.0034627853951064843,-0.013480873876867451,-0.008641283593853863,-0.013527824727712037
2022-06-15,0.019983917419261723,0.0034111385832357533,0.011602502277355431,0.0033074480465164753
2022-06-16,-0.0418922555529942,-0.009159304765482554,-0.027113200471439815,-0.009213797372048155
2022-06-17,0.0027328718837826022,-0.0028258160563212724,-0.0017269563108746036,-0.0030504963946414426
2022-06-21,0.018731182956850972,0.022476631824685716,0.021048461534749995,0.022431061397674985
2022-06-22,-0.008861850562642576,0.002696064483762168,-0.0019833943555518335,0.00256133579428759
2022-06-23,0.010001614049097588,0.012357028631603416,0.008963812953901045,0.01236392537458044
2022-06-24,0.0303009554563402,0.014162369155312026,0.024459617160097844,0.014159117751533832
2022-06-27,-0.003708209546084786,-0.002911956366882154,-0.0024586110946555814,-0.0027799610916698896
2022-06-28,-0.015119424936045145,-0.009447422236431554,-0.011157381423300318,-0.00930982450535883
2022-06-29,-0.006696225000566491,0.000710730065224619,-0.003146899133861713,0.000644362638637272
2022-06-30,-0.00753584871785988,-0.008345213227602418,-0.006212226236978512,-0.008235825953987714
2022-07-01,0.005155360012899494,0.01558105567684667,0.011404852594594625,0.01563833285785433
2022-07-05,-0.008417589662965264,-0.0030413496649997975,-0.007957635373179471,-0.0032509189429039153
2022-07-06,0.002744904067572156,0.0007397213620786467,0.001512289572123008,0.000750861736104677
2022-07-07,0.01812251090033877,0.0028959583236586473,0.01105627040899077,0.0028837365022623086
2022-07-08,-0.004392454474492589,-0.0020138690852561218,-0.0033099796532302115,-0.0020169960356276593
2022-07-11,-0.015641645535133183,-0.001304810854738208,-0.007415875277947895,-0.0012866392169662481
2022-07-12,-0.007135968983798196,-0.005690581475194631,-0.005689773688660981,-0.00568356978406867
2022-07-13,0.004273844927175245,-0.001637906249427351,-0.0008166193721237777,-0.001639866864333265
2022-07-14,0.0003954618362371705,-0.003752242327475774,-0.0026566075118808824,-0.003767749428636331
2022-07-15,0.01772329816929267,0.011123454205723722,0.015839166409660897,0.011115312905493911
2022-07-18,0.015313114732142504,-0.011633238789892591,0.00018341230759701832,-0.01165263522798538
2022-07-19,0.02586875775096269,0.013614841901854847,0.0216336003190169,0.013594343496797811
2022-07-20,-0.0038281574092857372,-0.005314989185205534,-0.0040039464731830175,-0.005350973662193913
2022-07-21,0.008552757200913863,0.003948442952026692,0.004952328209458392,0.00394239330380519
2022-07-22,-0.005418183269914835,-0.0004248171187508652,-0.0025362268826433234,-0.000411040472171008
2022-07-25,-0.009139212362314906,-0.003974391100287103,-0.002791724378511737,-0.004006755137180815
2022-07-26,-0.0033364259038047264,-0.004217559431014861,-0.00248013713023149,-0.004163690372602366
2022-07-27,0.027928473652686,0.00569217960919553,0.013922377371319322,0.005652902736389297
2022-07-28,0.021607122134156602,0.006713345464661925,0.014469124743897173,0.006717619794798419
2022-07-29,0.007116952121869623,0.001428907711478565,0.006154028062622701,0.0013997480828367862
2022-08-01,-0.0034638165145915315,-0.004908109107094157,-0.003203742622296565,-0.004903315542356051
2022-08-02,-0.011258405527666854,-0.005730657810514486,-0.009542426680866483,-0.005728008312523378
2022-08-03,0.0043077639733036036,0.012342035513980998,0.006175456999849203,0.012350365762815854
2022-08-04,-0.0011084059539739517,-0.006916346457217063,-0.00219388545891872,-0.00693543120385909
2022-08-05,0.008947954951706017,-0.0036834300849214294,0.0028778227593260113,-0.00368146285547532
2022-08-08,0.003722581033028958,0.004823438670655382,0.002516896004737035,0.004877064828028896
2022-08-09,-0.007945398147576591,0.0025236801477004807,-0.0011500171542259084,0.0025953119313826866
2022-08-10,0.022285586386157897,0.01129573457409976,0.015837227052518808,0.011268925399104679
2022-08-11,0.007112773058763372,-0.0005071291209422222,0.004017021218262871,-0.0005291313686001191
2022-08-12,0.014744085826509464,0.014437226942087072,0.01451431688177517,0.014364891496374646
2022-08-15,0.0008230034027234377,0.009317466682183773,0.003991121857508388,0.009387057621733405
2022-08-16,0.0028144401894815655,0.012474196800153154,0.004403006143339665,0.012325569493156321
2022-08-17,-0.00779858988911776,-0.006165081846355592,-0.006994234795160704,-0.006102093833471151
2022-08-18,0.0004369317370867676,-0.002281694636917984,0.0008743325655679219,-0.0022718271082036064
2022-08-19,-0.0253553294379947,-0.005034664064019108,-0.01250985239495306,-0.004928431162775301
2022-08-22,-0.01253747539978585,-0.014064274735582728,-0.014796261982078592,-0.014033368414231664
2022-08-23,0.004000658103116935,-0.004162224345878796,0.0004656068747032458,-0.00416728306976697
2022-08-24,0.0006884568862047307,0.00025996183999484653,0.0009717815644429311,0.0002530661577539662
2022-08-25,0.013369768680934301,0.007019159674329857,0.011185308007436298,0.006973735261117807
2022-08-26,-0.036080888455400674,-0.01950274332232358,-0.027952648666728426,-0.01952980310527525
2022-08-29,0.005030206035969889,-0.004138006720424582,-0.00031614914119960463,-0.0041080286369202315
2022-08-30,-0.01561948459148788,-0.008393057488758546,-0.012936789167262673,-0.008342464994057368
2022-08-31,-0.00558748968524311,-0.0031918311557356843,-0.005809805622352848,-0.0031715226299869593
2022-09-01,0.0034886436672656768,0.011841822835802068,0.005352371578994539,0.01193382285622192
2022-09-02,-0.007112650662027226,-0.009268223601317184,-0.008826369829970855,-0.009254860796685483
2022-09-06,-0.015162334278139797,-0.0021217958939211625,-0.007327778619411042,-0.0021265036433032996
2022-09-07,0.022888356862568307,0.015755313471737965,0.01900535069089652,0.01575512890535494
2022-09-08,0.006030335202376008,0.003573626629288105,0.004110324228966939,0.0035736167043272935
2022-09-09,0.02197192647032308,0.009044776440971392,0.015527926688946914,0.009038235262490747
2022-09-12,0.005828411314179681,0.008261171393523673,0.007827661607277164,0.008250320125775189
2022-09-13,-0.04522622520134935,-0.030033993569154902,-0.03828516297445181,-0.030036695922863874
2022-09-14,0.006167148570890109,0.0056808491694080665,0.004649722046748898,0.005698432786420126
2022-09-15,-0.021520483858726517,-0.00899530798800446,-0.016821156327272067,-0.008982105419446502
2022-09-16,-0.00386416864119545,0.0012787801223300478,-0.003219587079186249,0.001274060346826859
2022-09-19,0.0088722657841854,0.003329136734066846,0.006436130578517887,0.0033279167122659175
2022-09-20,-0.012956882717406096,-0.0133670345574901,-0.014066501980615261,-0.013341052867371202
2022-09-21,-0.020650512877607528,-0.012530231007226465,-0.01747211263711251,-0.012497468049184205
2022-09-22,0.003498086344920161,0.0033242836139534553,-0.0007285201010976089,0.0033062352813085934
2022-09-23,-0.016667819937102507,-0.01664672289124365,-0.01801932143906789,-0.016681500614338155
2022-09-26,-0.012939298405620499,-0.009904942096628564,-0.014091299321620468,-0.009903874361491729
2022-09-27,-0.005605479284624955,-0.004898105048976154,-0.006093975255730794,-0.004906636993697761
2022-09-28,0.01753455203993801,0.021972743585739817,0.019251428230436168,0.02195509855898786
2022-09-29,-0.012207247581198701,-0.014758798873737952,-0.016836334906967905,-0.014742648849770522
2022-09-30,-0.013137197439580884,-0.01736113003963131,-0.014607949394868197,-0.017371688429063937
2022-10-03,0.030449618306372495,0.02663287194811092,0.02970430167864505,0.02662402193223139
2022-10-04,0.02880958335717733,0.020948630153025036,0.02626771553065766,0.020952785236519698
2022-10-05,-0.0034065901150966056,-0.003728120268326683,-0.005193058394546545,-0.0037484383369265784
2022-10-06,-0.010554134887437104,-0.008214358805997609,-0.012597765777035114,-0.008174646939324336
2022-10-07,-0.02028021844549761,-0.013994189213324206,-0.019552360160302047,-0.014002478876806302
2022-10-10,-0.01204554644574295,0.002194037566407775,-0.00584351678898911,0.0021223691777522893
2022-10-11,-0.00579429473243989,0.014615710364061521,-0.0015739147151332341,0.014514233909093826
2022-10-12,-0.004392407956616387,-0.004025801002507379,-0.0068733725450130885,-0.004016025957492957
2022-10-13,0.02191998810456882,0.019511041350121074,0.024624860400297034,0.019494667607517217
2022-10-14,-0.014943014408953965,-0.011362311201579751,-0.014566793570486928,-0.011392521134483956
2022-10-17,0.018691664879151686,0.011932267971292095,0.017951424858322733,0.01193151943195674
2022-10-18,0.007318470900009639,0.010517828293203024,0.01029827424964526,0.010574815092619221
2022-10-19,-0.010522088707603109,-0.007880718317146384,-0.01024004422066583,-0.007836461719530056
2022-10-20,-0.003903969660213531,-0.002814979270720997,-0.004487091527353148,-0.0028187312570837376
2022-10-21,0.022006824865926047,0.020726102065787573,0.021608140921933614,0.020685998948007916
2022-10-24,0.0034313304923792765,0.017426714938294684,0.007736950861324535,0.017382806473854432
2022-10-25,0.022866863952870055,0.008318320799268919,0.01739242854779459,0.008366858897829376
2022-10-26,0.008034988239200624,0.012304957015529782,0.008314867474097501,0.012245279761570981
2022-10-27,-0.0036329521156679275,0.0012743766573776417,-0.001434187949025096,0.001275980331548328
2022-10-28,0.023573826986520437,0.022604661420063708,0.02307206818324059,0.022528426596533594
2022-10-31,-0.006095718685837151,-0.007119439368980898,-0.0064228157032629055,-0.007141700383496994
2022-11-01,0.0011665474279613608,-0.0001975088541829989,0.001061939122125464,-0.00020676078344130587
2022-11-02,-0.016734417076221884,-0.01127965028634621,-0.016263760423715364,-0.011229872343205322
2022-11-03,0.0006162937564336238,-0.004898734622735535,-0.001776306096782298,-0.004873245045424042
2022-11-04,0.026903160842834072,0.01381907306969148,0.020139438635353106,0.013741454107341176
2022-11-07,0.006391610036462383,0.01284119376980359,0.005701894778944946,0.01286060191268296
2022-11-08,-0.013701324476817467,0.008253901464067445,-0.001862351320611206,0.008240919526421803
2022-11-09,-0.042062367229832615,-0.012573524021591032,-0.028201855014891114,-0.012544792540236806
2022-11-10,0.06750067919564505,0.023155336671349808,0.051639487214539675,0.023065646749433358
2022-11-11,0.006815255597190178,-0.004601238578725466,0.004922970670215983,-0.004661322574421762
2022-11-14,-0.003402631049289899,-0.0015335612782370253,-0.0060073605754045354,-0.0014692929317157242
2022-11-15,0.010602315236801434,0.007846491609777956,0.009391077551718504,0.007802351808815158
2022-11-16,-0.011701976878377226,-0.0006633108772014932,-0.007758907047759425,-0.0006465075763234043
2022-11-17,-0.001052820615717758,0.0038589044256730955,-0.0014946155855765327,0.0038977319144776834
2022-11-18,0.004579782972334303,0.009058333747669777,0.00644657877187902,0.009063156098301458
2022-11-21,-0.001608971703776889,0.003843946529018001,0.0011002354683342234,0.003850398596530615
2022-11-22,0.018700329196249924,0.01011342847977388,0.014953735889375059,0.010104417340513639
2022-11-23,0.01048982924541288,0.00018564807837513097,0.006044828700059708,0.0001799412680011333
2022-11-25,-0.0004737967332436571,0.0010128920358634355,0.0009919052450393967,0.0010254721348662342
2022-11-28,-0.018339494590531774,-0.008849715160590861,-0.01652903019095176,-0.008800358156480975
2022-11-29,0.006229594226936331,0.0028550060138788245,0.004778440207052521,0.0028185238809295163
2022-11-30,0.02551556888753266,0.017105677060472124,0.022558465045075797,0.017102442181278946
2022-12-01,-0.003572930901665882,0.0022424077863763213,-0.0013114882745475114,0.002217085882905814
2022-12-02,0.002700736387861946,0.0032025772884115324,0.0021678659104206396,0.0031871851918761334
2022-12-05,-0.014665870362620086,-0.008036471925488755,-0.014334959465011472,-0.008047157235884879
2022-12-06,-0.009217703200675487,-0.00999639209845378,-0.008559470262993004,-0.00998179238581836
2022-12-07,-0.004218368396410728,0.0028033298285923655,-0.0013509794438468605,0.0028104983199937882
2022-12-08,0.009516938329560345,0.004358547432808293,0.006972107346479223,0.004361823612620778
2022-12-09,-0.009422793287027775,-0.015952449475288653,-0.01022520063298923,-0.01595382422261177
2022-12-12,0.01342963100131921,0.007374871277237015,0.013855488162302273,0.007392336540234974
2022-12-13,0.011126702718690573,0.00303558111535622,0.008411713809344459,0.003042518585064802
2022-12-14,-0.009161190736121375,-0.00022558979762466618,-0.007070477997081083,-0.00023176888293339752
2022-12-15,-0.02188884409531005,-0.015606588115001548,-0.01950555643832284,-0.015582118381493856
2022-12-16,-0.021319753226926967,-0.006318551574067639,-0.014137373699437045,-0.0063402703164979765
2022-12-19,-0.010728852442311034,-0.0015486094222445003,-0.00718207253746742,-0.0015305307891033146
2022-12-20,0.008700123136576683,0.0006208512275892754,0.005257894392831246,0.0006291580104937696
2022-12-21,0.01425985626934343,0.011478259221899054,0.014071601367172643,0.011481986050753585
2022-12-22,-0.008621359750384574,-0.004487008197826199,-0.00738100503379599,-0.004503105011407566
2022-12-23,0.006277644466821722,0.004086191045312422,0.006677076617007941,0.004111687834457888
2022-12-27,-0.0017391378059759754,0.0012474837876895932,0.0009075791495057853,0.0012587817224296257
2022-12-28,-0.0151867767270509,-0.010041785530807375,-0.013208956121732854,-0.010050482540593545
2022-12-29,0.011231947956177189,0.006777206041987137,0.010485746130190687,0.006772544966693418
2022-12-30,-0.0014994889775808255,-4.802595604625301e-05,-0.0019494141480616558,-5.3134866686121724e-05
2023-01-03,0.0014249108631881674,8.202037664490463e-05,0.0026762198151920723,5.763422726123824e-05
2023-01-04,0.021530127426546614,0.008854068466268497,0.017099560582331533,0.00880006824572261
2023-01-05,-0.008150576794457354,0.0015920134765260287,-0.006231773973766627,0.0016521680339500497
2023-01-06,0.023373257614875638,0.015408214528210729,0.021524639380981377,0.01546760960882796
2023-01-09,0.00470003749084958,-0.01736901157715456,-0.001330948308846947,-0.017454366000590558
2023-01-10,0.007351108659663821,0.002690536907613498,0.006325640168239325,0.00270433430743405
2023-01-11,0.013105328625998652,0.001872331263136809,0.009815156532365562,0.0018347326726286882
2023-01-12,0.01015631598082971,-0.004242998261920624,0.005782325497599079,-0.004233909697782287
2023-01-13,0.008511948595626729,0.0029680806107700544,0.0055030633132096265,0.0029866440454583945
2023-01-17,-0.0041944376698762175,-0.007150398332921229,-0.005353210623661338,-0.007123936168400957
2023-01-18,-0.02044387826217304,-0.01768967276402948,-0.01895171398290851,-0.017724061380552873
2023-01-19,-0.0022733494822116534,-0.0018845565602216413,-0.003521181915627344,-0.0018608648786000385
2023-01-20,0.023514059303050717,0.008551608923291376,0.016594036580599086,0.008495652450226786
2023-01-23,0.01302064324129033,0.002365742623270179,0.008580371870348224,0.0022972535267372883
2023-01-24,-0.009353205795021234,-0.0019316122885968533,-0.005564167663274101,-0.0019540439521748636
2023-01-25,0.006658235723298135,-0.00017951455899575155,0.004054723440128625,-0.0002258970383621261
2023-01-26,0.0067288746334757815,-0.000575126976392446,0.004960787383867866,-0.0005625684626423636
2023-01-27,0.0007719281474348023,-0.004981264525317173,-0.0009370685607566002,-0.005057008590707129
2023-01-30,-0.016294006955992313,-0.0034337893621432494,-0.01075075346252345,-0.003464123120723754
2023-01-31,0.013220029608013472,0.008177929199176415,0.01171420252841198,0.00819867691736804
2023-02-01,0.009731505056982948,-0.015499603736007552,0.0034339152045041684,-0.015352079436445462
2023-02-02,-0.0005500485124867143,-0.012453152053756333,-0.0031368194038455537,-0.012516795192117524
2023-02-03,-0.008341069248931587,-0.009338020984863032,-0.00980596260997232,-0.009317454476260407
2023-02-06,-0.006746947547876057,-0.002299630278574066,-0.00407178365894472,-0.0022691461752372146
2023-02-07,0.015576413927813277,0.008913768589246302,0.011008006016460957,0.008904378395685093
2023-02-08,-0.010476762630954563,-0.007021217065859191,-0.009624609320161692,-0.0070228606036184206
2023-02-09,-0.017697535698175264,-1.3271315604168993e-05,-0.012313413033870551,-6.631094187847156e-06
2023-02-10,0.0061805230388548085,0.012212364931831825,0.009289938890892132,0.012233087333510332
2023-02-13,0.006761791597266619,0.008621853022720965,0.007331564173871082,0.00861332570419114
2023-02-14,0.004442089540639549,-0.0065379514828778984,-0.0008050252351287391,-0.006525816226902583
2023-02-15,0.011134968990990198,0.0001587336074300851,0.005260769519020672,0.00013510062470005796
2023-02-16,-0.01891393728273201,-0.013276147036521694,-0.014940258982835027,-0.013278724175846843
2023-02-17,0.005827864390259851,0.013664313464637201,0.0049439865596199,0.013684494884150888
2023-02-21,-0.017782639383102098,-0.004514225671700389,-0.015110082440849132,-0.0045202195248394755
2023-02-22,-0.005864817854914064,-0.004853532165568579,-0.005868783329656317,-0.004854088382765096
2023-02-23,0.002609834842077687,0.0024470448545906727,0.0017806310032703067,0.0024609896145102823
2023-02-24,-0.013726279036938696,-0.006366007507566775,-0.010188724636520005,-0.006358654624817926
2023-02-27,0.0007106336017079096,0.00033200986606159925,0.0005332212522423779,0.0003282174294705237
2023-02-28,-0.00569663761874335,-0.009835182151734482,-0.00618878986327175,-0.009859221652022663
2023-03-01,0.003474361581112668,0.0005359830861773969,0.0005881963684027979,0.0005502725964783411
2023-03-02,0.008291230851856644,0.006090923038853964,0.008652664620996002,0.006076286998906472
2023-03-03,0.007100174740261879,0.004053526871859169,0.00902068562268631,0.004055441888473699
2023-03-06,-0.0021608539506573344,0.008652991209086315,-9.141492683109034e-05,0.008675622186840768
2023-03-07,-0.015787497184841407,-0.011109280990909175,-0.01605683902208041,-0.01112230921653368
2023-03-08,-0.0018752779680403255,-0.007356590247023531,-0.001388192766702662,-0.007379364902955298
2023-03-09,-0.024536203840409658,-0.011722844757749797,-0.019654235026249595,-0.011725771702932177
2023-03-10,-0.011593807963097233,-0.0019677002676301777,-0.010563556558104733,-0.0019489818057428139
2023-03-13,0.004382789544936412,0.006554656994355526,0.002556697065980746,0.006553321560506363
2023-03-14,0.01548183390210412,0.007252847536231419,0.01285139645912861,0.007253320211835085
2023-03-15,-0.016728436592273445,0.003896544484368145,-0.009860999304259389,0.0038920685916596994
2023-03-16,0.014869035327806117,0.0021600285624493705,0.010681478056542675,0.0021558951755588454
2023-03-17,0.0007420631691404545,-0.011978770218149075,-0.0066684500288177045,-0.01202971096814904
2023-03-20,0.003751462439011257,0.013097691207563725,0.008608719317544854,0.013115247568339346
2023-03-21,0.019658805021547737,-0.00040481264990393416,0.011129786288502072,-0.00040280209768099086
2023-03-22,-0.02484603845247787,-0.014599063637102509,-0.021838945988592404,-0.014616707038729564
2023-03-23,0.009246312215876306,0.006403903782620353,0.004714992457782854,0.006401914465228608
2023-03-24,0.0018179527117647006,0.01607773482874633,0.0073016568445166624,0.01608188864795476
2023-03-27,0.0003726837953280806,0.0051855025059485615,0.002994288598285207,0.005172704051783609
2023-03-28,0.006312994678021634,-0.0008361922577630232,0.003936477615984515,-0.0008302082462917095
2023-03-29,0.017745844831308553,0.006289964098120978,0.014697962513285784,0.0062819666406367354
2023-03-30,0.003797618035491037,0.004317721882743087,0.0038448709198696633,0.004317861691191081
2023-03-31,0.014129093881529343,0.0071200336679353715,0.012341575075450117,0.007110064913222445
2023-04-03,0.005473537217209078,0.010787130502956335,0.006774674869676788,0.01080848726122712
2023-04-04,-0.0027585180853187956,0.005718004076903456,-0.0021699405417082915,0.005729680576900991
2023-04-05,0.003848383184211954,0.014878189475018094,0.007137062820657204,0.014907695430501867
2023-04-06,-0.0016324530409317034,0.0006234281327504585,-0.00028667817173324303,0.0006325584316987634
2023-04-10,0.006858489058566356,-0.0011083288255549423,0.0035994702357792815,-0.0011202772865628115
2023-04-11,0.0027781488234734017,-0.00029018274242893175,0.0024035240929952033,-0.00028755781374207104
2023-04-12,-0.0026424747146835148,0.0013596940359997484,-0.0016372147157968416,0.0013624596830516817
2023-04-13,0.009702366753600401,0.009234567702484436,0.008393848560937962,0.009230341846476765
2023-04-14,-0.0022719367063586014,-0.004422653824570139,-0.004337045887992112,-0.004426256102321844
2023-04-17,0.000185227066138066,0.0003214252943480835,0.0022926066405462584,0.00030417026484138383
2023-04-18,0.003680352751312326,-0.0020493456195477544,0.0009540015541857644,-0.0020710083835286885
2023-04-19,-0.00992590842335369,-0.0002145710168218014,-0.0033093622230582,-0.0001997966246137208
2023-04-20,-0.008568364002944053,-0.0058698854053181185,-0.007822585574487192,-0.005819271129044587
2023-04-21,-0.00688944540075023,0.005898250520903575,-0.0020373085349502393,0.0058834478328808545
2023-04-24,0.0004305062900748459,0.0019723161837106795,0.001161436369210929,0.0020065611570088413
2023-04-25,-0.009650637567961978,-0.00042843734016103263,-0.009185380897787684,-0.00042051595567087744
2023-04-26,-0.012523996324433153,-0.01954882294042695,-0.014383264903153349,-0.019539351774445362
2023-04-27,0.014707035570013018,0.001367405994607608,0.012520056090248055,0.0013119939338949698
2023-04-28,0.008524585878158238,0.004053526829843242,0.007087594767120346,0.0040546640625887375
2023-05-01,-0.005701460638165644,0.001660930313120019,-0.003899381222666312,0.001670119839821886
2023-05-02,-0.01172861762071872,-0.00803976160127043,-0.013272405284043703,-0.008032864013747648
2023-05-03,-0.00900896537441454,-0.008697652525206117,-0.009197680212563527,-0.008724362548219683
2023-05-04,-0.006213969164150256,-0.0010690938390450766,-0.004393206722848382,-0.0010565094776848764
2023-05-05,0.018044649030289878,0.010588499487971607,0.015795321027452257,0.010596448889583358
2023-05-08,-0.006554959489218432,-0.00021291679752658465,-0.004118381682841363,-0.0002238826807233424
2023-05-09,-0.0008714536635478305,-0.00478991438371884,-0.0024756075611707994,-0.004793599444118967
2023-05-10,-0.0017549888693666935,-0.0005138921425401368,-0.0014455114601044554,-0.000511499271176851
2023-05-11,-0.010958382402106712,-0.0014498016361002982,-0.008637073962662818,-0.0014726595358376241
2023-05-12,0.0004064625232982115,0.0015329967583160356,0.0004349891933221985,0.001531426306185568
2023-05-15,0.005193171560470072,-0.003231871660548617,0.0026754571745248477,-0.003223895528870509
2023-05-16,-0.011904080387034522,-0.014799254453988034,-0.014598020451181666,-0.014822717144673547
2023-05-17,0.012751658329153488,-0.0011840724187337586,0.00944746810556278,-0.001186780927049881
2023-05-18,0.0029668728035717852,-0.00021593298690624645,0.002030877380343887,-0.0002492392789457539
2023-05-19,-0.001514450278415765,0.0007907793953817017,-0.000977706194087769,0.0008231843627467628
2023-05-22,0.0019826777328277043,-0.005530156912450063,0.0005377703727458544,-0.00551319179022522
2023-05-23,-0.004541268641508323,-0.0037835632917993557,-0.005384781864637288,-0.0037828589600452977
2023-05-24,-0.012587796060454298,-0.0065846287144586384,-0.010435754341881659,-0.006590469351016968
2023-05-25,0.00017962156988920015,-0.012515712526638998,-0.005581062382321105,-0.012527928708015999
2023-05-26,0.00953010565579117,-0.0006944695354395491,0.005979075543801567,-0.0007251913978372741
2023-05-30,7.578433379531655e-05,-0.0037626626437488276,-0.001784372995810208,-0.003768931076581658
2023-05-31,-0.005713966401747777,0.007392706741933768,-0.0021304768693617905,0.007400400396345691
2023-06-01,0.0031227568803515147,-0.00536209028047128,0.0015403408924742053,-0.005398966884225301
2023-06-02,0.021328520412707632,0.012248976707547574,0.019048616479571286,0.012287064621102631
2023-06-05,-0.014175361105293485,0.0034485945016601615,-0.007781636208253848,0.00346713500700149
2023-06-06,0.009414201121807901,-0.007138101536448791,0.004143137692703261,-0.007138801449211402
2023-06-07,0.0012151655515494203,0.0005249379092676316,0.004570913928931426,0.0005301116414901179
2023-06-08,0.004640053398329456,0.007130870997887973,0.004749347167390324,0.007127098101805079
2023-06-09,-0.004253699654141768,0.0003269781071000499,-0.0037928700433391663,0.0003133720654768643
2023-06-12,0.00443853694167972,-0.002243572358100646,0.0027473681403581184,-0.002250434816926764
2023-06-13,0.006482162867490389,0.006267725556330367,0.005966485868379376,0.006269893005998608
2023-06-14,-0.007089354769267434,0.0010827306267388519,-0.004367040812666682,0.001064028218969936
2023-06-15,0.0093011107820404,0.009528065694654305,0.010173049598819065,0.009528127483493498
2023-06-16,0.0023198408494336468,0.0003430869563037029,0.0021052750197267985,0.00034571576238304365
2023-06-20,-0.0059933562314313975,-0.0074258691769737515,-0.00815407639985329,-0.007434779753652499
2023-06-21,0.008886569154665696,-0.0017461478636562246,0.004360515975077483,-0.0017635489788589724
2023-06-22,-0.005267702939070872,0.00792332201928331,-0.0033880829915542373,0.007917492855122282
2023-06-23,0.006400617430051109,-0.00518243832197201,-0.0005645288640583503,-0.005179971821109155
2023-06-26,0.006565141694990456,0.0011959937287310462,0.0061948888502471365,0.0012162834251253564
2023-06-27,0.009790980390278422,0.0029379905644375476,0.006491270931833436,0.0029719896622823015
2023-06-28,-0.008080808140492947,-0.0031203905471245273,-0.005272671957081161,-0.0031196147290583403
2023-06-29,0.010228184796819877,-0.0002736600577073887,0.00763465928361124,-0.0002535320714103689
2023-06-30,0.022603202991231877,0.007322650612334807,0.015425719111744134,0.00730694468378034
2023-07-03,0.003877257598172436,0.004365531408407632,0.004591709629168324,0.0043644418467624025
2023-07-05,-0.0060605613346850174,0.001626058451007003,-0.003501692830421394,0.0016143078040263363
2023-07-06,-0.01425883832050427,-0.008139027559854496,-0.012836648657314103,-0.008136330384691517
2023-07-07,0.0035620926596644257,-0.013327470402950726,-0.000436185230832418,-0.013340764035077146
2023-07-10,0.006097554230657345,0.0013531427875292403,0.004946435370267905,0.0013745709604501663
2023-07-11,0.011893023138107486,0.009460814349015932,0.011692098084484771,0.009432593723779433
2023-07-12,0.0061435571441207995,-0.0028294164934379745,0.0055924753510741216,-0.0028686378064327607
2023-07-13,0.03726096308047558,0.00213818677246609,0.021630471492168443,0.002101496452371081
2023-07-14,-0.015765993628186974,0.0032094710379342553,-0.009918630507805944,0.003225921417526489
2023-07-17,-0.003649339895416237,-0.004329412641680394,-0.005260797247450536,-0.004379178104303273
2023-07-18,0.0050541308515596895,0.0009502306967675427,0.004511872033964031,0.0009888988309869726
2023-07-19,0.009944158028720673,0.006571277785096491,0.00882294509600164,0.006541606973052473
2023-07-20,0.0014145962126503003,0.015683051210171207,0.00525785593718706,0.015719993265906482
2023-07-21,0.0034909232161122314,0.006134978418742999,0.005056618413873432,0.006179625932501435
2023-07-24,-0.001964363174995174,0.0006275045330850294,0.0003339699996871806,0.000580585836777017
2023-07-25,0.0029219394502740573,-0.0025959709349404497,0.0016713333128666708,-0.002622979612884983
2023-07-26,0.004385740905184204,0.0029574360904573165,0.003305862456598305,0.0029160986663889004
2023-07-27,-0.00348762412602069,-0.0070824321959519505,-0.004432402745745016,-0.007033673995263113
2023-07-28,0.004778237695945086,0.003152455634609471,0.0036643733324983126,0.0031882375147614167
2023-07-31,0.0007234954733570992,-0.0042301431926051744,0.0006051335321744178,-0.004211882416271822
2023-08-01,-0.0016767673196569272,-0.005590870786321409,-0.0038158226894270133,-0.00561752258427916
2023-08-02,-0.01760722554543931,-0.009626425916251178,-0.013282647897647527,-0.009620032667539186
2023-08-03,-0.0070055765651427975,-0.007559162360542387,-0.00664691299989269,-0.007537842898744686
2023-08-04,-0.0030479980515795467,-0.0058242677633228365,-0.0028635473803750146,-0.005808281741241
2023-08-07,0.007853063301314736,0.012176192662511338,0.008857056286143533,0.012158776531873933
2023-08-08,-0.00041396196849815745,-0.0034858646538260597,-0.0008372026821040385,-0.0034720004409586717
2023-08-09,-0.0020039056710248948,0.002188861901110159,-0.0005312140490390909,0.0021771762025894798
2023-08-10,-0.0009152087186206405,-0.0016555825958071751,-0.00011506351159630141,-0.0016383645880281717
2023-08-11,0.0009789535037611865,0.005816557590070593,0.002771521550697711,0.005805421014781036
2023-08-14,0.0017471645415393215,-0.0003159123212167664,0.0005209830109500624,-0.0003276426312828078
2023-08-15,-0.015768398061357217,-0.0063815140253456375,-0.013069651161606827,-0.006385017872260024
2023-08-16,-0.013305220169425709,-0.0032284669380452133,-0.009508590519758725,-0.003209370337423507
2023-08-17,-0.018618058375637493,-0.00589739160945673,-0.011487978390952301,-0.005930220124788913
2023-08-18,0.0024718852413691283,0.003531751112227435,0.001981769707837438,0.003558301814892903
2023-08-21,-0.0020742084303499086,-0.00324705752211102,-0.0024226538332679623,-0.0032519814233010857
2023-08-22,-0.0064817016705362674,-0.005872894353352754,-0.005377773250139034,-0.005854755940788854
2023-08-23,0.0113518366120569,0.011375658134247351,0.009333614262409572,0.01133870302522157
2023-08-24,-0.012212596412256164,-0.009721042746065162,-0.011008970405365496,-0.009698456173834566
2023-08-25,0.003910768741890724,0.0027863187516918323,0.004270816949618463,0.0028072250224969886
2023-08-28,0.00598645380697814,0.002641301774000569,0.005678246670086941,0.002651209313104273
2023-08-29,0.0191637899489624,0.005642295916683596,0.01454537547668952,0.005644878072280381
2023-08-30,-0.0023872081640791735,0.001482863664947678,-0.0007106976975628004,0.0014845822969650278
2023-08-31,-0.00888175566356896,-0.0049476522563148915,-0.0069146480486796235,-0.004932548249398577
2023-09-01,0.0012194401811214347,0.0014727445262262726,0.001856100934512937,0.0014209956776029841
2023-09-05,-0.007538113444384485,-0.009645354530655405,-0.008987155017768282,-0.009618837851530698
2023-09-06,-0.0032371809520299294,-0.002162102348750744,-0.003505825221403915,-0.00216064121516554
2023-09-07,0.001119677835760496,0.006716356414781039,0.002847852620574024,0.006666061703081144
2023-09-08,0.0013551750133678601,0.003526700298847655,0.00308808254107019,0.0034884528970215386
2023-09-11,-0.003140910705002183,0.002945632205212932,0.0001648227199041579,0.003038151533803603
2023-09-12,0.005296249437674421,-0.0004898060872534112,0.0039241012078500255,-0.0005604487183028038
2023-09-13,0.0010123337048559813,0.0005710353294166997,0.000615960521616947,0.0006326251976298118
2023-09-14,0.012813333441212011,0.008872928778247864,0.012864058024670727,0.008882722459125029
2023-09-15,-0.005808530218916444,-0.008676756679966,-0.006948696046756406,-0.008701811859551038
2023-09-18,0.0030732217754222695,0.0010555894373247595,0.0017075089398717069,0.0009896918800352654
2023-09-19,-0.00151198052084305,0.00040095848238953867,-0.0019172250990023764,0.00047050801793739605
2023-09-20,-0.006164775560719347,0.0011782146688221976,-0.0037624563299450283,0.0011623812551699027
2023-09-21,-0.018790123872734096,-0.013842852109386019,-0.01715735429459089,-0.01390356346216377
2023-09-22,-0.002574682455493924,-0.0017055478910048896,-0.0028798517807973327,-0.0016936181935515368
2023-09-25,0.003190848654452424,-0.0006395435930498096,0.0020597484974499594,-0.0006217302644475464
2023-09-26,-0.010548755017963454,-0.006528626560276416,-0.010388048086992096,-0.006543395418595565
2023-09-27,0.00037824047969263887,-0.006384294810388727,-0.0018583714874431838,-0.006372395646269699
2023-09-28,0.0075548927291205804,0.002385277577304733,0.004539199699054004,0.002436113176845308
2023-09-29,1.851772713848019e-05,-0.004139044600878498,-0.0016982104988581353,-0.0039990466660472564
2023-10-02,-0.015670879792627743,-0.0073142500686955445,-0.01538635722518494,-0.007315710563176177
2023-10-03,-0.007155150739297551,-0.006341984784343965,-0.007027194939926476,-0.006343253137103989
2023-10-04,0.00016981327522038985,0.005675961805643275,0.0011176825961045607,0.0057137760138266476
2023-10-05,-0.0033833974916251427,-0.008878193228063115,-0.003251651898418901,-0.008888993403982477
2023-10-06,0.01044603449604335,0.003161356495150162,0.009215294182520446,0.003148596370235299
2023-10-09,0.0021486729784539506,0.004728741793672318,0.005654183650301466,0.004740228732632846
2023-10-10,0.005664866368411853,0.008764458728712163,0.006726044036599472,0.008754330692868292
2023-10-11,0.0013104718559174408,0.0012192161536327883,0.002536040739435373,0.0011887822087551774
2023-10-12,-0.008315333978963628,-0.0036146611528526376,-0.00799586420547414,-0.0036060559131521103
2023-10-13,0.0021009296326923964,0.0031011492117193917,0.002807606455974101,0.0031126978414121056
2023-10-16,0.013352363471423564,0.005471973761646659,0.011009541462106509,0.005472693740451045
2023-10-17,-0.0008165491795922506,0.00513707615917616,0.0011806342626128504,0.005145511898792942
2023-10-18,-0.013069182735187805,-0.006726234372936154,-0.01198065801931642,-0.006701740680831802
2023-10-19,-0.004911795990365619,-0.006247657280843018,-0.007020478284659284,-0.006246009427848558
2023-10-20,-0.003891431941462758,-6.664171782878793e-05,-0.004525442504201729,-6.898326174833183e-05
2023-10-23,0.00404490807595402,-0.0038728882083356626,-0.0012053112866182672,-0.0038882578729075154
2023-10-24,0.00904516866436767,0.013435713157152033,0.010156569727179567,0.01340612451960268
2023-10-25,-0.009453075722180149,-0.00197021997651519,-0.008181101489587766,-0.0019628402427139926
2023-10-26,-0.0018253131376461229,-0.0019461146999550617,-0.0014635150353241482,-0.0019473535341006025
2023-10-27,-0.010215886757690713,-0.01850467597580563,-0.012594585053569488,-0.018539018074206392
2023-10-30,0.010352945548555013,0.004947389348134754,0.009368097746480862,0.004984294373497172
2023-10-31,0.006494664734265506,0.006573354079303721,0.00540334943310738,0.00654385183271552
2023-11-01,0.007473146689076618,0.005446487797396147,0.006114108527082613,0.005432130282939285
2023-11-02,0.019716930895427757,0.014371149515744064,0.02028711998059284,0.01435909503733953
2023-11-03,0.011609533501200512,0.001449907614859482,0.009890430757946595,0.0014564861491670382
2023-11-06,0.0012650560466206974,0.0008594024505186519,-0.0012216492614009413,0.0008627647300488716
2023-11-07,-0.005656820637751115,0.001342807448781379,-0.004299029164754503,0.0013508325183031174
2023-11-08,0.0005373236373398145,-0.0006299041922992956,-0.0007862942391244972,-0.0006220757431213886
2023-11-09,-0.004262813716021525,-0.009516235222214512,-0.008082403235001975,-0.009529681589300516
2023-11-10,0.011558798455876446,0.005533873568094638,0.009816192806369669,0.005542208930197631
2023-11-13,-0.0034629506400296337,0.0030942357745743507,-0.0019525656393729177,0.003091817171088096
2023-11-14,0.01514319971842525,0.006148529491970163,0.016616652047315,0.006186285988033405
2023-11-15,0.011433957330833086,0.002887528257059707,0.0073432748379555525,0.0028949630871913275
2023-11-16,-0.004929837579479817,-0.013510582503410945,-0.003106923183161717,-0.013517635511364078
2023-11-17,0.002415082157565647,0.0003386293463777756,0.002299442925154846,0.0003356613944134987
2023-11-20,0.0016107362148039014,0.003684944533152563,0.002705713081568628,0.0036739032411838507
2023-11-21,-0.010749734228255217,0.002523334753081011,-0.005371530426387473,0.002530616623889902
2023-11-22,0.009313950446122751,-0.0003937895617235013,0.00518689631721066,-0.00039399863806852646
2023-11-24,0.003816234040107953,0.004333496456912841,0.0033206585452982005,0.00434152525982531
2023-11-27,-0.003595268554405188,-4.6980912433954144e-05,-0.001851350734318733,-4.3484722606019474e-05
2023-11-28,0.0035147730414762167,-0.000728268654790339,0.0021859608050261276,-0.0007257267185298355
2023-11-29,0.003637797671323168,-0.0009586765816669977,0.0032963042451991395,-0.0009734823013687372
2023-11-30,0.004697903801838472,0.009470052741789272,0.006835140611071146,0.009466699525620011
2023-12-01,0.010431243938583357,0.004025418757431703,0.009477511518963658,0.0040202419359102026
2023-12-04,0.002545670317093875,0.0029321824790126136,0.0016627307281324286,0.0029319482138456215
2023-12-05,-0.0013196565186202906,0.003350073652535565,-0.0017053231236888833,0.0033500556368099396
2023-12-06,-0.0003760526717829935,-0.0016506236381145446,6.0991576180329074e-05,-0.001647624825107223
2023-12-07,0.008122624623117178,0.0005786892423488203,0.004777810506363923,0.0006005897285991466
2023-12-08,0.010514856207447777,-0.0006968210103693849,0.005956493243183351,-0.0007059382304104579
2023-12-11,-0.005327950092337135,0.005423311510339949,0.00039935530071377766,0.005429045281914926
2023-12-12,0.001723179573799259,0.0040134680864952945,0.001531431778620796,0.0040289261056035966
2023-12-13,0.02244675437246314,0.014986083820226556,0.020947634391181982,0.0149998037280662
2023-12-14,0.013057907022419511,-0.002995952026883247,0.009860003511255658,-0.0029985672225977117
2023-12-15,-0.00918880162539643,-0.005674214077123818,-0.007336252892880666,-0.005677378187651299
2023-12-18,-0.0007028288814304646,0.004017343884453991,-0.00010683566682711419,0.004008218597994459
2023-12-19,0.004482053154236608,0.002943167932652238,0.005255378244361435,0.002934832565883351
2023-12-20,-0.00909504004685455,-0.012268706360979391,-0.011092108784714902,-0.012273561558548082
2023-12-21,0.011473601741572354,0.007451070633354971,0.009216736569024522,0.007454437695005928
2023-12-22,0.004576504945732403,0.006291816184503693,0.004511421435875464,0.006277448418996549
2023-12-26,0.001675451280544109,0.0020231189988852843,0.002818628479404651,0.0020365362804354264
2023-12-27,0.009970524194693376,0.003775187681758402,0.006238231011734023,0.0037761199009129923
2023-12-28,-0.00038119645650204725,0.0016865301864428242,0.0007427442740150501,0.0017083834773501427
2023-12-29,-0.005624265916081794,8.932093876313075e-05,-0.003606777240506755,7.922717964140725e-05
